Actual,Predicted
7631.78,5051.993856750479
4791.76,5009.863483373634
4739.18,5013.946178443733
3817.05,5015.532392140622
5842.42,5041.093705382358
2253.56,5000.615980306878
6610.44,5055.650580973355
2420.77,4974.938994565148
8334.74,4979.889289830149
3177.84,5024.468991739451
1050.73,5010.561037089005
9950.44,4987.6219797988515
6081.11,5024.917711805602
8337.5,4985.6679108815215
1988.44,5037.315747922755
6217.22,4969.966998626768
7864.33,5040.054505741934
1931.17,4992.78376370947
7315.9,4992.921274728756
6484.6,5033.017393193807
5586.1,4986.587073347549
5171.69,5028.732402467991
9431.82,5037.945281283511
7885.9,5023.993503457288
4763.2,4996.744913973579
512.41,5048.691433717428
221.45,5013.287706799627
7870.16,5015.251783214432
9340.42,4978.892036150974
2753.33,5000.114389346564
8177.51,4986.413519901688
5674.66,5014.237596751383
2580.08,5047.703334318192
3795.75,4997.838936953032
2552.17,5062.0285608857375
2859.67,5007.535985819855
8763.14,5057.330580951082
8146.53,5029.883108141397
7179.5,5020.364698812469
2156.09,5016.437037797369
2584.37,4999.300054279855
6527.21,5035.9514066877
3358.59,4983.811293162147
8457.62,4974.172403233972
5921.5,4973.905145584784
4860.19,5007.656900164258
5834.69,5006.307024246708
803.79,5020.430008094415
8826.69,5014.06489956949
4093.22,5028.341196708666
7625.61,4986.464737883915
4645.81,5024.401880528998
5274.06,5012.905910851509
5503.61,5049.368530568469
7682.12,4995.246144675794
7692.08,5051.377983935035
8376.62,5012.83649771813
6534.9,4991.254427122014
8726.66,5014.36474181406
8055.4,4983.780284692893
2704.6,5051.152228877929
9599.2,5026.459610512204
5759.91,5047.539792860343
128.02,4972.998580258491
2044.69,5002.304273754356
2132.01,5047.184379074118
7527.99,5027.228107398377
2266.08,5019.502938902553
7250.12,4977.970917495022
4483.77,4999.821939663176
8793.12,4975.555705039474
7314.24,5035.370414455924
1423.2,5013.86751708362
3507.15,5045.732033718171
1671.51,5059.028504133191
454.53,4994.285801556443
2983.64,5004.702358209386
5985.88,5047.349762670223
6792.7,5061.701698583261
2490.06,5031.974410839542
8403.89,5055.08857759681
2781.43,5010.9660092654
2052.2,5024.32410601859
1852.9,5029.979167259214
5898.56,4983.843470853054
1572.36,4960.3506708807845
9867.29,4988.907946647647
1006.64,4984.073409593838
7955.52,5051.468828794602
8104.43,4978.774905321577
6504.99,4964.695396671375
4846.84,5058.5473909989305
4520.24,5008.620863500442
4454.36,5003.290124166543
9981.67,5007.6803081295575
9609.12,4988.911686906472
7185.33,5024.348614711008
5562.61,5027.320329366685
1697.92,5019.136896091481
8581.84,5033.480459448006
6907.45,5000.049103914548
4229.59,5022.227562221516
9947.19,5034.841896583331
7796.44,4976.6986231721885
8619.93,4955.860386452729
750.99,5005.653618589762
4457.6,4984.8854605972265
2366.14,4987.0033325496815
1867.35,4982.193698366636
1824.92,5046.777775646132
3970.03,5028.842804028798
9813.07,5015.117678534564
5188.98,5046.684634798281
7153.32,5044.830886158049
4375.72,5048.383835263383
7241.38,5027.649030118046
6882.49,5046.826558992995
3464.56,5012.601710612658
4848.28,5041.661071343929
5822.76,5041.629314727732
3827.88,4989.646425429391
5568.41,5062.146407887921
9528.08,4977.128358072482
8721.8,5024.529650118622
8783.21,5013.274277991335
7653.8,5035.141374434126
6540.74,5061.306836031042
7909.31,5018.293736737404
6358.32,5009.63155192255
2537.14,5045.284348772814
3196.26,5025.115883449327
7906.9,5038.384851615942
2599.0,5002.593641980974
6740.47,4953.4647038577405
3682.34,4959.272124545385
3744.47,4978.184913816757
4170.5,4973.991133844069
3248.55,4961.170495254631
8375.91,5013.239478628329
6436.6,4988.695586123723
7577.54,5027.196855267135
8608.56,5012.867983831661
9653.42,5010.753632270291
7406.47,4998.445450647878
3388.81,5030.660591518801
1524.66,5010.899963705794
3465.35,5049.7014596481085
7917.01,5042.174472475706
8254.43,5038.9075627331795
9360.32,5067.955713970003
7205.65,5035.637474587515
1542.01,5013.273602829462
4076.02,4975.863667887293
2645.87,5027.131268746718
4627.0,4992.215285151499
4228.2,5030.913602917058
3696.13,5060.889785425786
2053.08,5013.131574262778
1764.82,5016.509438552093
9483.11,5044.629896070108
2028.94,4962.690132867441
4037.94,4972.978305884675
7695.59,5025.763374289573
7997.83,4979.4625588553345
4099.22,4975.547179777017
3050.4,4999.251848458701
9468.82,5022.830496599074
6133.35,4968.494220200737
6355.67,5020.826636054765
9560.36,5014.029126201477
921.44,4998.142017216739
5189.86,5010.488355406437
9729.82,4991.050697620936
9923.45,4975.563506694714
7279.27,4992.052655083081
8414.19,5050.992684011337
7436.84,4979.676371829706
6176.86,4990.941630024057
3790.95,4959.223658646742
9094.4,5005.6661449896965
6960.04,5041.06701475332
3608.1,4954.226481099337
4855.27,5052.641073398688
3258.4,5052.559746467356
5257.3,5037.2744607078785
5640.51,5004.072072155467
8083.25,5001.01897763258
7442.37,4981.62180517797
7933.58,4986.542650240236
2779.34,5004.097160618862
7372.13,5002.547817914989
6380.5,5003.111476393055
3066.46,5035.207977414567
2661.67,4994.9777177492715
3201.26,5035.4004138438995
6484.96,5044.365455365349
9639.59,4999.147542015523
4611.61,4964.733702255232
2868.22,4994.245887015455
5684.82,5047.236019575157
9004.08,5009.832263272232
6924.63,5012.010146726768
3144.46,4979.1138885636165
1184.85,5022.120886749299
4250.27,5062.748408525904
8692.88,4983.875243884754
8110.68,5003.344795433742
983.95,5048.479992017364
2084.42,5028.595594951045
5952.68,4994.884560485918
716.66,5026.724698094053
5996.19,4995.30787095108
4367.26,5069.209123064096
4463.92,4956.752884329234
9119.87,4965.021968310628
4867.11,5023.061889234408
512.94,5030.110587651407
1271.66,4965.121304157542
4059.56,4985.920612955782
4969.24,4953.743647257232
3784.89,4990.197828867038
5403.4,5047.104796700562
7905.04,5008.302947535131
6680.28,5004.082172099947
2353.06,4958.965957635749
7297.53,4971.138933962542
9651.91,5037.111629432491
4321.11,5006.90662757087
1644.97,5035.268660389149
2510.08,5023.428891079089
9157.04,5044.883376932732
7632.98,5028.969940911566
1571.98,5022.55956574149
2327.02,4972.521188722284
4800.02,5031.627839819676
5548.98,4996.167521909447
9442.55,5035.888193686858
3771.69,4990.3577232116895
9988.45,5023.0929214979105
3973.18,5023.653918094129
1418.58,5022.004270084555
7888.24,4969.658405317361
6286.12,5046.167300436303
886.71,4971.4080241259735
2014.37,5001.664843901358
6785.49,5014.950925953942
2125.66,4983.279313768989
4547.45,5031.632850625689
9210.12,5018.031921394116
2455.47,5069.007132186153
7180.44,5041.161890479251
3421.3,5046.974633486488
3228.24,4985.357426187352
844.91,5028.872470354216
8815.47,5056.419510803519
2437.69,4968.715698484224
5924.4,5002.1023193967885
8769.13,5019.22551869331
4826.89,4989.236570668883
7290.29,5044.904875709347
7940.07,5013.143451540353
4611.62,5051.771695125209
7669.69,5024.723182784537
8243.89,5009.280251723139
4513.95,5013.704263345105
8978.38,4998.36605381127
6929.68,4981.4034143415765
4280.07,5007.485759003618
9991.39,5026.472313468012
6664.53,5013.747836123091
1323.14,5057.906311979053
8051.73,5021.346526482517
6897.36,5021.624284244855
5034.07,5013.7240756332985
9397.99,5039.962768153708
7437.64,4990.027780197924
3225.66,5006.493837323731
2774.65,5015.692952023133
8276.6,5030.959390462666
4549.08,5045.013662378382
2829.98,5047.065871024611
3128.79,5045.011592136792
970.68,5000.68238208035
6867.71,4971.87866773282
6891.21,5057.49785593195
3564.89,5024.798587464741
9940.11,5015.281715551979
6253.68,5047.678195164186
3233.5,5032.373635876579
4596.52,5036.722783022508
9327.02,4983.8812376768465
3665.91,5040.21856735476
6329.37,5058.904346636175
5928.81,4989.811459547435
7219.55,4998.350820829202
7512.85,5045.325971351202
5926.86,4995.39222196845
259.85,5053.91131170585
8053.46,4985.412532699494
1673.8,5000.103881053505
1102.06,4981.311786258796
3020.55,5019.632599821256
6237.29,5064.070598847687
4758.19,4970.970266202911
7129.69,5037.199047792081
7403.0,4996.208698817713
1255.51,4999.709785364684
640.56,4970.907612868173
8034.43,5038.445324402482
8393.67,5002.96940986189
8055.64,5006.486023743525
2054.82,4973.979336343052
7696.07,4968.9720856918475
5363.09,5064.688954743835
9197.43,4985.438981166333
5710.61,5023.423983843882
8834.87,5013.8396124769615
6584.08,4999.057378308155
5256.94,5039.449999728787
468.05,4987.886109045716
7390.58,5014.539568052377
452.45,5020.227799594
2285.56,5054.838608945361
1336.26,4999.782922341385
7253.62,5034.681900167661
9049.94,5015.177681856736
6150.9,5036.071189774932
1877.91,4985.246042441629
7711.9,5025.97627443041
7677.65,4973.276405071256
5933.12,5016.482117405784
1540.64,5068.019597642181
507.85,5018.163012413123
2030.36,4960.253053496448
9543.42,4991.799877722798
7074.23,5022.21439798125
4277.75,5040.592602602866
7416.19,5007.634793276199
1875.26,5036.701780606624
9566.68,5041.270473696049
6593.96,5044.984221855345
8615.7,5036.755412318176
1782.53,5010.188442366382
5597.02,5051.004509852821
4822.23,5037.777320715592
9886.64,5021.334433883422
3055.16,5007.4705990066195
6134.31,5003.869066261604
4825.44,4982.4585564010495
5667.81,4968.077300006966
6860.99,5044.888793199117
8201.82,5024.324755140948
6298.72,4987.36723951284
6939.62,4991.783731851511
8536.1,5022.138408983847
7154.23,5067.608591463943
8155.71,4985.537340762971
4872.71,5032.859585450563
6879.39,4976.866662715501
5178.94,5019.42113352578
2973.15,5019.485928587389
509.0,5025.989963260507
1287.03,5024.592380928966
7459.49,4995.721775238723
7170.79,5002.393589433348
4005.43,4972.259233287814
5392.47,5039.158432348881
6886.11,5075.660484416332
2048.24,5056.747725675011
7015.63,5054.473142215894
1494.28,5000.933255385425
9555.55,4985.814146926129
3893.58,4981.5481897558275
6165.59,4996.825277380765
5143.44,5037.966214403697
2376.92,4992.980186360566
9013.9,5004.66394899904
4378.7,4982.415324921215
7048.35,5012.5298605429625
6497.96,5025.12145542123
4800.58,5056.054682715549
945.96,5037.663356308683
9230.8,5053.027703541259
2898.59,4963.368929520289
7548.99,5007.751525436713
3333.51,5014.894797047135
1348.11,5011.644824523335
6176.59,4960.616734712909
9726.54,4968.8807199318235
2399.01,5029.074782425435
932.15,5006.171597583561
656.73,5021.097100336188
784.75,5032.378620643077
9960.11,4994.830714896951
125.65,5020.120298443552
5752.11,4968.670970599137
4646.78,5012.528428998554
5836.52,5016.663252694831
6808.36,5018.627861935059
6299.37,4990.912997319646
8305.29,5001.1400014824285
4313.41,5020.4809003928285
1202.33,4984.819309221546
6527.24,5062.611662069063
6970.17,5008.91712423814
3772.67,4988.261000557789
7643.49,5026.579468885457
1612.68,5021.110860762934
636.44,4989.783745722569
2166.0,5004.213616286386
5145.34,5033.160493401663
6627.5,5036.990066766894
1053.95,5034.654780228321
1678.53,5016.733798585169
9106.12,5009.156704582837
3800.47,4985.8185459313245
5718.24,5048.612173282629
6009.63,4987.730267917571
7844.16,5063.504324632161
9873.05,4976.3425379134615
1392.52,4983.394234321298
1332.94,4969.404665877037
2651.63,5050.756780564408
2065.07,4981.145041913766
6629.52,5032.214634316272
8972.96,5022.491447750709
4320.54,5056.978872403091
3994.74,4995.26421465148
3555.67,5031.8442193406845
5069.04,4997.795876895596
6535.39,4994.875392091428
5036.94,4983.580223965358
5299.71,5011.340483392137
8799.68,4988.614293411815
2837.04,5033.303589063298
5098.55,4958.952604113479
9616.71,4993.216020456114
5868.0,4976.4110322786655
7657.92,5006.418288061808
821.62,4970.147663650282
4877.26,5014.737408077648
8556.96,5000.851460433829
1278.97,5054.615959194954
4421.33,5027.145444257848
1449.84,5035.966632933962
8192.96,4986.92907099593
166.45,5023.334208380219
3697.1,5017.712984478244
8724.8,4996.147284056007
4170.21,5026.871648066179
6751.35,5031.782202402173
1926.1,4967.9126221027855
652.57,5038.919535345966
1764.9,4987.363080480259
8746.04,4977.823433253369
1666.64,5015.340934151148
2440.28,5008.804808942427
8185.52,4980.271183358746
5633.69,4988.60740913633
5970.92,5000.863254245474
7498.27,5048.014935298134
6530.33,4984.2917169643015
656.99,5041.930108627165
5978.32,5025.484217758148
875.77,5059.2597074865225
320.38,5045.735568279489
2738.84,4982.13180590497
1458.83,4977.805977323769
3473.92,5012.210187349428
9731.5,4977.380513206771
675.61,5034.5804799646085
1001.26,4992.460118520091
1919.45,4991.816617535295
7196.03,5029.679368215141
1275.07,5004.865808021395
5366.37,5015.912829585083
5011.44,4975.877177916246
6315.48,4962.039942823806
5418.7,4987.849465243501
195.86,5051.443901272743
1080.78,5056.190034092674
4880.01,4977.7558540783375
3079.18,5027.660020601602
4814.58,5013.807843134634
7055.01,5040.88816951792
5157.6,4977.313652394109
7727.29,4976.241573060226
5373.96,4965.755637493327
9240.41,5033.128280634483
9357.44,4997.87511129088
9680.16,5033.225289907376
6058.11,4975.532467695408
1556.53,5018.303494638252
777.7,4954.4748005839065
951.83,4962.336321302542
3742.06,5053.127277115519
2159.61,4974.778906447956
3476.42,4983.9966522889345
9300.81,4983.9577751140105
9894.92,4990.147028214464
2212.25,5031.859533543414
7094.33,4981.258219352404
1531.18,5019.259502057781
2834.88,5034.587697358335
5182.13,4973.3254425609675
4823.69,4993.2134434843
8037.14,4989.290387171902
5533.83,5007.289419818452
4483.33,5055.947128629221
7433.43,4986.290863244778
3858.28,5044.892445501473
509.29,4980.151436791892
7560.49,4997.7257617039795
3720.56,4968.741708016749
6763.4,5029.214331656471
2435.65,5026.84328960949
1182.72,5016.332828990356
6011.14,5019.006302178685
9851.37,4974.357556718937
4504.93,4986.133047321625
7128.34,5055.937960234732
580.75,4991.435954344138
8886.99,5070.9832505651275
4589.89,5012.445482684912
1951.21,5036.566526809979
3937.87,5033.8833792424175
2603.62,5007.9215279057535
2105.43,4999.489297446021
1667.94,5023.831109672113
4886.25,4986.8403060019655
1490.1,4995.098293739415
7528.11,5047.134536011048
6744.05,5043.367650199979
5566.19,5064.256744942745
9708.73,5030.738754272914
5562.83,5055.203732131409
5589.62,5008.987879515357
7652.38,5053.224913104942
5106.86,5004.002042675049
5086.82,4984.222584013284
5668.56,5039.519203475288
1439.65,5028.828571892417
6453.4,5011.5709184379675
3434.73,5057.299934686016
2313.57,4996.050537105872
6210.04,5054.639040032335
4288.06,5015.739085357431
1441.24,5009.983455742869
5733.23,5044.99414069773
4762.58,5009.246587306677
1086.76,5008.662093344588
7201.83,5034.045909429402
1852.24,5031.540533266485
8061.2,4993.501898821701
3807.42,5045.763064537568
7992.36,4975.883529421992
7870.59,4983.630979861961
1987.38,5033.602151779606
1338.89,5035.959647277256
4542.43,5012.39270723733
1422.75,5021.984936884742
7983.71,5026.483938102527
4705.73,4989.966963122485
3620.15,5016.064595090893
3236.26,4986.800249925693
7117.45,5009.021735459092
6200.0,4970.581805791365
6086.57,5056.496105611414
2083.86,5040.539434365357
6686.41,4961.26195640555
1000.95,4985.009036823477
549.58,4977.269932789137
1392.22,5043.983039436505
7867.21,4991.553734295892
523.33,4961.56957570995
5138.61,5013.1441185223175
9734.56,4972.1149780285405
4813.24,5017.254106398259
417.37,5005.1230104820725
9215.65,4987.933600939352
8864.94,5014.6301058889
360.71,5033.740525798665
1339.33,4998.704132343999
9431.55,5014.8474981248755
2374.89,5059.064751456108
3405.12,5003.852666303153
1276.91,5010.482384765652
8550.47,4974.825782050239
150.34,5022.719694068431
8833.51,5042.4736738335105
7927.88,4967.023064846387
445.63,5046.695659501261
6221.18,5016.115912153387
9935.23,5015.498800764912
9990.55,4968.675076751524
6312.92,5019.622365775919
913.08,5045.098282454314
952.81,5010.201427749822
4289.62,5006.500420566498
2473.27,4997.560913178566
9092.45,4973.615325753404
7754.89,5013.182909986043
6954.09,5005.000947766373
1595.1,5003.2462420645625
4116.66,5045.573556803378
6177.69,4996.664376255787
3079.23,4983.358943143782
8978.87,4990.74740203571
5466.18,4982.826341524629
5854.45,5011.817332423224
2732.84,4986.918812299498
5658.01,4989.933520017867
9534.92,5002.877318305067
1760.21,5030.30310754667
5398.72,4979.178616574797
1719.17,4999.341027735884
4632.96,5021.034758570714
8325.54,5064.056450177236
2600.34,5041.014332395681
1781.94,4966.644852706095
8398.24,4977.910157790315
1933.54,5043.603918096366
6660.16,5020.780360328334
9343.21,5041.592835612109
6262.99,4974.390328351054
7806.3,4992.185559955562
165.5,5065.958339032298
6456.05,5012.906236535323
6133.56,5023.471018198116
4116.89,5024.3853971046165
5670.11,4995.666252142409
3557.35,5012.420081263834
2281.85,5055.373378386585
8771.01,4994.921740802927
4470.21,5036.751192169807
9137.37,5029.785167318515
3069.0,4996.9709090033
1220.33,5031.351340735246
1101.05,4986.0811988778105
6843.04,5035.704354060947
8997.34,4969.257065338448
4404.19,4978.3085243738005
7940.93,4990.35912048099
5623.42,4965.932450507304
893.12,5010.9521922134045
4899.98,5019.737908554223
1277.61,5002.132998492858
4544.91,5051.159409751279
7406.1,5006.449616224552
8758.75,4989.9470285470325
940.47,5000.882945103257
3249.67,5020.98025642496
9219.25,4961.0353003285045
2319.28,4966.178636444911
7926.81,4980.352783093697
5034.89,5027.410409663806
3162.67,5016.390818751873
7997.11,5042.613385505871
6902.04,5027.144663279902
377.86,4998.958542511345
9238.72,5054.41072885377
2532.27,4976.647393264996
7139.08,5047.389996159219
6478.71,5059.283099837484
9611.06,5015.991054899087
5486.07,5034.680889642278
8534.57,5043.380538002938
1446.62,5030.32462418289
6446.0,4998.11946920478
2963.03,5000.17892807574
245.95,5035.7712133738205
4191.67,5011.151781231304
2028.51,5008.984412060151
2745.13,4961.490939000933
4567.18,5070.072609672183
7704.64,5025.52752826906
6136.45,5041.345715934928
6758.95,5015.271597747894
9153.15,4969.121728075873
7632.97,5028.581145192194
4023.8,5026.067157999937
9943.51,5025.039992088088
754.75,5044.166061564093
650.87,5019.562228297206
1409.02,4962.6589738818275
8546.25,5004.684125736691
6834.54,5012.601086085711
6986.44,5028.562424594362
9953.56,5026.015631550564
9935.19,4988.1862829087395
4354.07,4977.74580332468
4018.24,4990.933796283292
6113.61,4993.733234831785
7164.17,5063.973003813492
3146.82,5051.310402514735
3701.85,5043.197507639757
1827.66,4996.422812880487
6268.35,4994.221706252119
3086.64,5026.817762211779
388.03,5017.491781187959
693.41,4961.6309599416045
4701.5,4971.138202175418
4824.78,5024.671513197549
5961.36,5010.8396287651685
4092.73,5051.09000255254
4428.12,5042.442319631252
3235.05,5039.676020798023
6217.87,4982.829733749497
1344.96,5042.482034409374
3504.31,5030.803170770515
9497.5,5044.710318347815
4551.28,4983.514298392058
6253.83,5014.266256296473
9937.12,5048.0061514579775
4318.47,5018.138026076429
9970.68,5007.261419075417
3865.24,5040.646781310074
2663.93,5064.651981568435
5050.76,4967.799385737944
4874.95,4977.710306449659
7184.68,5025.496887938636
9842.89,4993.688529352525
9437.55,5017.38768413166
1122.61,4980.682791658103
1503.05,5057.91609217436
1575.26,4978.7578808361795
6999.33,4969.190942303236
1873.44,5023.817382076372
3176.11,4968.2839745630035
7559.93,5031.775409772528
3853.07,5020.874359685422
5319.33,5000.573021574978
764.0,4970.630586892959
3261.31,4972.321058643368
9338.25,5002.530209969242
700.77,4992.116211627342
7743.71,5029.3282468725565
4529.86,4968.288989859553
7620.32,4996.714761768291
5638.46,4995.754709312165
5090.01,5061.9161420192195
7328.39,4994.060507783794
5093.39,4982.500339175493
6465.26,5015.964522966317
2176.13,5013.791213684432
8167.19,4976.760896387447
6212.11,5028.774826184883
4895.08,4966.422121679341
4994.33,4977.413443590841
2863.43,4983.843094534314
1630.43,4994.433355149477
3616.15,5034.518381805436
1586.63,4973.541830261885
7866.9,5015.386209031893
2950.56,5041.697064579682
4037.35,5004.963540845818
484.12,4973.124161865487
2928.2,5040.6696586952185
6610.54,5029.010656591059
3641.49,4973.898771728896
4493.37,4991.418484989785
9558.93,4987.702358820376
2734.68,5032.114793928718
6876.81,5014.802186779439
1489.69,4980.50180100646
3588.5,4966.803939977601
1119.23,5035.01671239647
4757.26,4979.554406750171
1784.54,5017.534628169145
9717.08,5035.534040823807
5832.83,5003.540479561909
2274.72,5021.076948249633
8930.57,5051.989173072384
8771.12,4999.942294341476
351.61,5004.33768438283
3970.57,5037.567833705662
4011.73,5027.771613734203
2525.24,4997.36186292073
7656.86,4986.2647277913065
9955.37,5023.431687918643
1126.75,4972.501477759627
6330.95,4984.686496050589
512.54,5019.955384311814
724.35,4964.240026256344
660.83,4980.161345209099
329.6,5038.592436815931
3744.7,4973.133187178046
4033.91,4979.932116650777
502.48,4955.250871077672
5122.71,5033.199012117454
5255.26,5051.279923181531
3240.3,5016.000591432407
1269.26,5006.970924082164
7607.62,5036.66743284838
1549.59,5005.329534466068
250.81,5034.7192600869785
7004.57,5013.137065759499
1847.23,5018.553624231237
6143.25,5009.29381693324
2692.16,4991.669921706018
2145.12,5053.733048542379
9757.13,5015.936426832386
6744.23,4993.629646061182
5874.4,4996.2753405638
1480.7,5009.174727612968
7745.61,5008.368614475045
5108.12,5052.867593073924
4067.8,5042.713691612736
232.92,5062.328606582545
627.2,5007.458756805317
8750.34,4978.81090449197
7707.16,4986.31581311678
501.67,5025.929541164578
4612.26,5034.113480424526
6640.61,5046.43561331116
2059.76,5015.671886246194
8750.3,4965.472756373099
8010.42,5007.852559641329
1728.03,5011.2947226872075
7155.28,4970.532294402433
2305.75,5032.947034395888
5608.03,5004.865075433106
4039.86,5039.53041970554
9560.66,5021.580324667268
4778.23,4995.916503221489
1488.34,4973.983800153407
9572.09,5028.72710474381
8108.93,4979.144986433443
2379.88,5023.972464521028
4006.52,5054.026368659969
812.93,5017.167963076394
713.8,5022.954029569142
5812.02,4985.008115754349
5706.6,4971.274360625689
515.4,5000.7459504938915
5057.82,4957.827361032623
7271.53,4994.225098476987
9283.42,5049.268840697275
3839.76,5004.309899762478
1170.01,5058.531295818254
6454.14,5006.304697728371
719.02,5018.716333275049
651.24,5024.777434532499
8685.23,4990.294964060878
2315.12,5010.767400932629
1556.48,5010.470456797465
9075.39,5002.518898292409
286.67,5028.799607569552
5952.96,5060.739978299483
9270.64,5020.1965630770965
3849.8,5062.802304805481
6554.12,5009.79151331763
8263.23,5005.785299059444
5900.18,5017.375215213826
3732.82,4988.070717780292
7680.53,5059.682582706741
9542.78,5037.2652051024015
2742.29,4977.8958198378605
2490.23,5015.481042302806
6992.79,5049.716147134307
5739.3,5012.142785531435
4603.63,5041.131152512662
7714.28,5043.708309449578
3937.56,5050.76571273134
9909.04,5034.053479347622
2538.65,5022.661238587603
7900.53,4995.358465906148
3466.14,4964.83834999656
2230.5,4971.824672317291
7674.44,5044.80204406676
3984.98,4992.7384702236395
7140.09,5007.202959048367
2668.08,4993.732482194306
5596.78,4965.686195274
7614.2,4965.07923446493
7470.98,5038.789152319837
4277.83,5010.150401294867
7382.3,5029.256234417221
8709.34,5015.608264896773
3986.98,4968.993079927822
201.34,5040.719904172227
6399.5,5022.678511225524
4397.15,5026.506770787386
8100.12,5050.172371512353
2873.92,5010.099303298947
6871.53,5024.383806808256
1497.39,4972.868699472048
8179.76,5006.667061396407
6299.3,5020.513627324661
9143.39,5008.258792685216
4056.83,5022.5166338502695
6310.54,5046.490614007228
2304.74,5032.69319507413
5604.93,4996.129348181178
2697.73,5059.684537396876
8661.44,5001.769133929033
5761.97,5036.127516199335
5259.47,5037.345950762969
1722.77,5072.151157279805
9287.12,5047.361543811422
907.73,4995.441153586404
5232.99,5007.855059081853
4456.32,4994.487165717855
2443.98,5001.013557676823
6139.72,4998.397358822705
165.72,5002.005676017458
2270.83,4979.536320358984
6828.56,4986.020673155393
9343.31,5027.895126655081
9105.38,5040.0494539250085
1669.54,5010.674058076644
1755.04,5035.721026767332
2792.5,5043.270927845255
3318.12,5037.398748616379
5413.19,5046.355616598699
859.55,5013.181196014003
3649.71,5005.692292368133
1422.77,5015.066397992446
6776.1,5027.259327499779
6270.01,5042.830698766453
603.03,5053.219741301709
3299.12,4996.3756831910405
5630.58,4994.164348451976
8405.61,5047.001680385075
3896.46,4973.892994059486
9365.01,5035.053838333498
5507.96,4982.234865595206
1142.56,4963.4827844217525
900.69,4983.103887654819
4546.77,5046.80040936929
6745.22,5022.53417250032
4202.54,5034.991349741036
1259.42,5028.787339858687
8429.53,5046.807592487909
982.79,5014.052441021149
9973.42,4987.0829819736655
6684.97,4953.011759898165
1242.65,4962.672567376711
7572.29,5043.601670497738
7492.01,4985.404527592014
547.76,4980.495091787061
1161.93,4975.076700856763
7303.03,4984.557103389284
5439.03,5006.213513014758
2102.24,5032.8891437146385
5630.91,5005.095433003331
2068.61,5045.90678472615
6873.45,5026.684969145697
523.87,4982.115771840082
3464.23,5008.3202015122815
8134.06,5004.191124899678
7124.75,4949.253212312817
8683.52,4994.16350860351
6282.82,4970.954736622978
3382.21,5018.008806281626
5641.55,5023.0304209804835
7720.43,5051.746602916757
9780.81,4985.738324860587
6938.02,5037.688417931399
5981.76,5006.158368538136
8763.62,5022.041178399111
8052.17,5048.612738137892
4886.48,5056.220637902722
9575.84,5006.356204072869
4174.9,5051.029104200755
1339.15,5045.344610672687
4692.32,5010.7560765853505
2443.55,4989.4590184668405
2074.98,4977.707692957468
7402.02,5014.605574846339
8751.74,5041.846466991093
9243.26,5032.066437591205
8017.41,5011.86057957308
9068.39,4966.92647065788
9390.68,4995.1652894540985
5477.39,5020.431338313288
9385.64,4968.787261635752
2543.98,5021.216556295503
238.84,5013.187010148105
5815.8,5038.954611201963
8864.19,5018.568916083825
5457.09,4995.955327516219
4886.12,4979.98434066785
5035.26,5065.780098218969
5878.15,5049.353525634051
7960.07,5006.5366008389865
7197.32,5059.371662823313
9803.37,5031.198934286987
1528.86,4941.643958479183
4807.6,5021.686667076927
2519.69,5007.3838498742625
2385.38,5059.334689647913
8930.78,5043.292837215718
2399.16,5037.62795332477
5561.29,5054.206093953585
3724.67,4984.04861622852
1201.28,4997.12601834432
6363.6,4998.851793998375
2776.61,5018.558204338528
7834.83,5021.146848008362
2048.95,5031.667477122192
2544.42,5049.515905248993
7702.59,4968.396926254944
2645.02,5034.51287613848
7257.13,4992.7199247375775
4832.4,5023.114843538819
6248.3,4948.70072087418
4481.22,5037.000361928019
8834.78,5042.298144092852
7286.94,5007.326067310039
8286.01,4969.1507110595085
7255.67,5012.783502402807
7242.14,5045.412204017954
3901.19,5002.375515712606
7546.49,4975.007903213573
8954.62,4967.954460058376
1772.35,4970.4805256794925
2567.68,4966.836912816688
3584.13,5040.926729244624
8527.21,4996.418419809932
6308.23,5027.940160063424
7557.83,5013.709640044679
6423.28,4987.593063921328
5458.71,4963.962471946245
7416.42,5030.844405105197
5710.82,5061.023351289906
7058.7,5032.591022177914
8094.14,5008.395309650305
8623.08,5002.007653113421
3005.71,5061.979716423087
5252.47,5026.662370498812
9407.24,5038.7949769348
5526.26,4990.575272755514
1103.65,4994.333567697802
6512.13,5012.514135746385
9085.06,4948.924855104874
3184.55,4999.929953534173
9371.31,5043.392836299539
9509.66,5015.857412304842
6748.05,5003.708387249633
149.82,4993.041395424766
1163.55,4987.7301986218745
8270.57,5023.258533197349
3463.02,5011.872155762254
7618.49,5043.1388710568335
7099.52,4988.649497434028
6522.4,5056.1818665438705
2934.93,5049.738435068777
7678.35,5058.301194636146
8539.67,4982.713090989554
6017.52,4974.843372136379
7743.66,5059.718411200218
1810.68,5004.345907112781
5652.3,4984.329752045492
6196.45,5023.174525667714
807.35,5045.4257222825
4963.51,5019.196800333384
3024.65,5000.883290891944
7845.38,4950.548138169223
1069.84,5001.0508400648505
1983.99,5006.671181663342
3309.96,5016.328608841986
3957.17,5004.769412794588
5952.27,4974.321339926072
8604.51,5005.601729936199
9481.33,5031.0440552388845
4794.64,5065.276764200667
7550.79,4982.773466195613
9711.58,5032.861365028927
4054.73,4999.784040928111
2758.76,5045.9827975178
5147.53,5028.139649255575
5530.86,5038.945506168529
4664.34,5024.176212627193
6195.9,5054.684539215673
2682.46,5030.473209151663
2725.16,5058.157248645183
5652.37,5021.11285202913
6087.31,4991.72406982749
2180.33,5039.6241239645515
1100.49,4989.782820162904
8844.68,4972.851953724909
2511.81,4972.71892517675
2959.81,4988.044297598236
6027.95,5048.316615991588
5857.17,4982.284879279509
844.03,4997.457340767781
2914.8,5049.3081769670725
561.81,4993.302128701705
9391.83,4962.5251762806865
4391.01,5042.820893975734
9440.69,4972.971265102506
4650.51,5006.776476281761
9931.14,5005.699249684371
5693.96,5001.00788133295
6525.09,4993.231076081143
7880.94,4980.747883317578
6910.86,5036.285254646882
4816.78,5055.225499165421
2428.48,4995.925417528815
6284.09,5018.248779360565
6302.57,4973.388516914732
1409.09,5006.229122371249
7453.35,5053.672353642832
2878.37,5026.771169037128
1232.64,4978.947612183167
8207.0,5046.9475865879
2329.6,4986.867076463246
1928.59,5066.421520782266
7974.28,4951.457593425014
4734.11,5054.10479967148
1640.97,5062.804614964
4639.31,4981.674198372173
4219.05,4986.322917260006
8016.19,5010.281717370775
6094.81,4978.607957468626
417.65,4992.048878359565
6722.02,4970.334269530011
1521.42,5080.183690992865
3157.87,4959.4408437411075
1435.63,5023.903612497855
5004.22,4996.92122918272
3420.23,5059.157093410722
6656.34,5059.86357934871
5880.41,5035.942938050494
9941.36,5004.992973188946
4704.02,4995.9294439046425
851.7,5008.024697157119
4543.55,5003.905251024628
2395.94,5004.96783403494
6386.78,4977.390209936147
2949.1,5017.619327220471
8638.83,4980.1694680576165
2955.2,4997.210797172205
3076.34,4986.106995334084
345.16,5029.03702602682
531.93,5045.110171601172
2265.79,5001.163932649138
2760.6,5029.854509712095
4384.02,5021.346016007236
691.69,4983.378045994995
8562.04,5055.73389093529
1252.43,5037.520347802351
9575.79,5001.452444611788
6385.28,5011.754819235351
8432.23,5034.954945911436
8922.63,4989.684385280243
3390.13,4983.0529670159385
1646.34,4969.294439427999
2900.71,5003.621641806648
789.23,4989.228207847751
3584.99,5026.303889370366
5976.68,5041.487792946955
2969.36,5006.870831852714
1607.38,5025.388188480588
842.65,4982.093813278797
3307.16,4986.374063701267
1528.2,4979.740007349361
7806.24,5035.803474530658
5935.07,5017.941190586217
6008.65,5029.8225533330315
8824.96,5026.475113996937
6283.63,4975.053473192394
2503.41,4966.387863377352
3004.34,4984.116070982393
5755.81,5025.322734616923
9681.35,4976.951109869247
8018.64,4986.230542474386
6270.27,4986.157009018386
4603.59,5065.59096455825
2870.28,5053.334997217529
7719.2,5008.183721067569
8322.25,4990.584076700545
2469.07,4971.35158814044
8492.5,4975.84419689725
4526.23,5019.2442407352455
3268.46,5031.711725062051
558.69,4962.605140963306
8260.9,5046.586591904382
3822.15,5012.499124877326
1552.73,5030.028440920799
1579.1,4964.052080478047
1757.8,5058.0290520462095
8861.16,4984.462963941014
312.25,4985.460402411657
6745.49,5039.995881083976
9127.85,5041.3759150857695
1324.34,4968.6100417173
1773.6,4986.412560066916
7161.26,5051.854140643266
9076.85,5026.84213225712
2254.53,4995.556013022926
6886.0,5012.511359812871
5541.26,4983.091134008401
7630.14,5035.053938214931
7425.4,4962.754063485174
9688.88,5006.165742438547
1944.7,5039.760811550873
1178.52,4985.009376677524
3344.58,4966.738071029552
8867.69,5029.997422026366
2500.48,5019.2757984454265
9362.41,5031.6418096333
2501.43,4988.251926054408
896.63,5036.187456160451
5362.59,4955.56563479073
5691.41,5020.613258269652
6364.97,4997.8111888530575
502.18,5038.78259367248
7602.81,5027.472259614771
1826.51,5006.205662914174
9028.59,4971.099073102914
1472.17,5008.721360389099
3142.27,4996.067235907456
4519.17,4995.27159079716
3363.17,5016.829473949817
6617.18,5060.059723261547
9525.9,5050.02327013366
6613.43,4971.91698748691
4652.3,4975.119911486243
463.05,5006.395795175313
7657.01,5002.206587074321
7552.79,5043.662989868548
3355.04,5019.139786020977
7261.4,5032.722149717299
1583.0,4974.631493001788
4689.05,4999.525339071431
2794.99,4977.442546505099
2660.19,5010.896414974242
667.97,4988.0293575246615
3115.63,4999.217976099464
9008.38,4998.061023347965
3470.05,5007.7104178241425
7701.59,5059.388776709282
7652.55,5029.213151953958
6890.24,4999.615641425877
4415.25,4994.846155020628
3890.13,4966.105415946594
4032.48,5035.697455559543
3790.96,5008.05476215142
9172.82,5009.3192854047475
4494.55,5061.024821599959
751.93,5030.600673907828
4471.48,5002.390782969782
5937.67,4981.835913306103
3876.42,5013.044611998486
3609.34,5022.298082016655
9559.45,5058.637343074151
1349.74,4981.387949622488
9913.16,4981.959806235093
814.73,5035.928477866464
7513.9,5024.1677157052045
486.5,5070.758996348125
3335.06,5037.839077576614
8379.0,5008.8854890523535
4146.45,5049.198973713866
712.44,5052.494976001158
4512.23,5054.989671004514
4975.59,4995.60731821614
4088.58,5047.820585133896
1111.44,4974.249378105663
5490.47,5033.8900355259375
6657.2,5012.600795478171
5108.7,5027.007460727762
8419.1,5022.185842006964
3434.95,4977.971137362762
2945.1,4986.653352889446
609.12,5058.157630954248
2179.68,5005.628392280453
5283.85,4989.382194111509
3754.13,5035.178416905223
2353.09,5036.822651694845
7573.25,5033.42063498266
6212.08,4985.768953266047
185.64,4974.68497419698
4797.36,4976.4206477873795
791.23,5032.729737495124
6678.54,5037.178513340776
7907.29,5055.70661454495
3295.17,5044.128229879457
7150.05,4994.966266036942
1162.52,4979.302444642943
3797.99,5021.886150278753
2738.13,5031.064093385143
8389.62,4973.662433092708
8265.62,4986.030087512821
8153.36,4978.097322590666
2035.82,5017.732362322658
1617.57,5010.567795499227
8431.15,4976.0719633254275
933.88,5007.732213198623
2093.25,4984.465672824101
1220.09,5020.700456761501
5736.54,5036.115976530537
1041.94,4993.764481028386
3201.08,5000.3502339229735
3412.8,5006.726375386472
5268.63,5054.554560793065
8803.16,5025.122246824354
757.7,4977.547660021422
8409.08,5003.715015192685
4675.62,5018.310576431335
3610.35,4993.636833670337
6041.1,5022.760314357029
7747.95,4995.684524824851
2413.83,4983.736201439627
5763.86,5035.6753226876535
8322.78,4968.6096653985605
9755.65,5030.5363893215
3076.66,4972.048952629492
6662.91,4971.599779458792
5439.29,5028.455533800626
9120.44,5011.453409044563
8373.93,4983.735715559757
1189.7,5009.634925486648
6573.96,5001.539081937747
8402.77,5008.779460457226
7050.89,4996.547625434501
4749.29,4999.511937159503
672.02,4978.525300318422
5436.12,4985.550562429653
3555.15,5026.410113237822
5408.36,4996.336209773952
8994.68,5016.645371945465
5369.07,5027.228394316545
4979.4,5011.857728353544
5545.06,5010.335784271585
9842.42,5039.75085843338
1786.54,5004.212973955518
8713.75,5020.781730812639
8086.66,5005.701519633142
2571.74,5026.817916473195
6572.72,5043.349141289978
5557.32,4986.6150494951735
6078.39,5001.113804913169
1194.52,4979.458446768308
5026.45,5007.278594077174
5631.59,4977.4196221744005
6363.04,4968.51044354763
9289.69,4973.491149595618
7531.9,5052.928119541822
7542.05,4946.623180046884
5489.05,5046.790883261147
5522.56,5005.3867760249595
8258.4,4971.939437862705
5894.97,5036.690354933809
7921.42,4994.794425119017
1928.84,4973.695263595345
8456.47,4991.046430527013
1971.2,5028.296064220056
7683.36,4993.594366752947
4320.54,5011.113048638098
237.35,4986.760792924107
2670.35,5068.915925178082
5861.6,5028.632590420904
9177.62,4950.681464060729
1290.32,5021.47443247395
7745.77,5056.672560911737
9096.94,4987.552869197977
5796.7,4997.341289759464
9534.27,5008.572334240743
290.37,5030.213755402984
498.09,5012.737425638077
3486.56,4971.181077441388
9458.18,4982.537939067423
901.19,5001.61496656318
9081.92,5011.8771993992705
1030.86,5001.160245270508
9323.28,5054.135004756961
6812.99,5010.618571500706
4550.55,4967.829257015388
6375.39,5040.810535899858
5739.17,5047.729347540088
4807.7,5022.478481028041
1930.81,5019.063197948888
8855.45,5043.732287561842
8634.61,4983.8028245249425
1760.12,4999.086358990839
7285.95,5000.275795012183
3222.47,5028.099064043251
4007.93,5004.053823267271
8188.37,4983.457119393058
6539.78,4985.059879931067
799.97,5021.510919713797
5018.91,4994.690112685515
5227.36,4986.767844187138
9898.25,5034.3343141318755
3875.33,4992.831501510362
6737.67,5044.130743490214
2078.95,4965.257983563954
9382.26,5055.963559173408
8234.05,5016.903123647068
5790.87,5015.509014761058
5772.74,5037.160278678498
5899.29,5060.637219697649
9968.12,4982.438458694475
2306.02,4973.561462249148
2825.26,4959.512968002841
8798.72,4976.583991727632
8366.99,5044.893023027183
7044.9,5018.727063625432
6362.38,5011.310241786279
9012.22,4987.753295874759
3186.21,5039.245732911748
9162.76,4971.463864670508
150.7,4985.141124197634
3113.56,4986.3138792770005
8131.35,4978.01663430083
2818.21,5048.544069462082
3735.38,4987.277340373497
3426.76,5031.340509003642
5234.39,5019.982300743232
2907.88,4970.771073608625
8297.65,5020.512905217233
8343.77,5008.686886654223
9265.8,4974.772325450457
8764.43,5020.007222274767
5120.23,4988.214212110809
1151.73,4976.03796953578
4006.1,5017.358461231094
5624.32,5022.5814467714845
1279.04,4993.172943983175
7477.41,5023.52480866162
8204.27,4992.859854032409
7102.62,5009.01751980126
3027.69,4982.666743777842
6271.63,5005.990438500269
5734.85,5034.756207167179
6820.84,4987.167192899854
4660.82,4999.7957535190935
3194.07,4987.332031801255
5155.78,4973.954624198395
3047.15,5006.767658110812
9093.21,4991.033542724053
6039.29,5030.34734730662
7854.86,5004.43191547694
2018.27,5012.282915977551
9914.81,5025.800262499255
7593.09,5034.766985962904
429.97,5025.768843436153
5388.61,5046.234643383777
9870.92,5047.456613309893
2678.23,4980.13273485483
9309.17,5033.178382330938
1875.34,5002.056607081517
6450.88,4993.45213553519
672.78,5036.0394673781575
3958.07,5025.428517304795
6404.59,5016.944235750175
2249.3,5049.0854199008045
2462.83,5018.908953051745
9610.89,4985.5353070974425
9685.74,5008.73713213123
7880.98,4983.37290028696
454.71,5005.065020720555
6183.37,4959.936060845533
1704.13,5036.705276402297
5808.18,5029.41549230996
4381.12,4984.6073123459155
962.68,5013.939737537416
2298.62,5057.612135597495
169.86,5027.798487766288
7355.15,5047.581462384284
9611.7,4972.075763244837
2400.68,5055.872085352042
327.48,5037.781496163676
2510.72,4978.845093498263
2033.61,4989.270501097475
9624.87,4993.505460223699
6544.67,5001.7358786623145
2053.04,5002.96242795024
2389.88,5038.806270696343
9365.19,5036.966666981505
5489.21,5039.563199573251
6216.92,5042.631207329033
4169.63,5024.976950565329
3230.69,5043.76216696351
8817.0,4987.704266564956
9578.88,5037.716959679768
8134.31,5025.698909402315
9345.92,5007.874438426055
4258.49,5023.919345530026
1431.9,5016.672576794839
8333.59,4969.268616932211
1459.05,5026.066470913099
2669.73,5019.105172250604
8413.05,5005.163837856596
514.33,5043.241749644975
7374.56,4981.494078099047
6135.06,5000.926847254427
8287.52,5044.5258437697785
7624.63,4977.66466717514
7050.89,5010.176009913241
7287.9,5032.393037570925
3733.64,5043.085796766117
7737.74,5014.004863416313
5077.49,5033.267006432556
387.43,5018.197569558247
9304.62,5032.666758532257
8889.89,4976.243073900331
568.75,4979.340522234835
1235.01,4959.264843790602
4974.18,4993.630120016086
3580.41,4969.154184505039
7991.59,5046.453014115296
2935.63,4982.222793100986
1791.42,5035.201131849043
7426.58,5051.776679891706
6102.62,5051.91448600907
8443.6,5022.341925297306
5092.5,4987.912316095837
9896.39,5053.079982683796
4095.84,5052.117941262426
6066.74,5040.8203585501815
4188.01,5027.648680639986
2204.05,4994.43027219292
5696.18,4964.745861960439
7665.24,5003.809805207417
3807.33,5015.243607430036
1120.38,5025.819682854371
4629.72,5043.920001547434
779.03,4973.345334625719
6965.5,5033.075448561649
6063.39,5047.418330020496
3015.48,5020.878868251747
5773.58,5034.3523453976
4736.87,5011.482007473866
4044.17,5040.973393214759
709.51,4996.178005607094
8559.61,5053.989323943603
2302.36,5042.628962031357
9979.52,4976.605437568367
1356.21,4974.250022737484
9046.98,5010.842395018985
3496.52,5009.255550059344
8094.17,4964.455476528316
1992.59,5002.890342454151
4709.6,5022.810071708898
7853.08,5047.443241126853
8097.56,4988.966724122917
4389.88,5017.471616375273
5364.43,4992.496707886639
2562.73,5037.034701506354
8741.44,5025.630482143223
5648.02,4965.244418353854
1519.08,5002.9438377638935
6313.51,4986.452781630946
3548.08,5010.649568044995
7394.76,5018.714678173528
5835.06,4972.979066757747
913.99,5049.173924016114
2753.16,5022.276365673253
280.85,5024.742777505942
9442.67,5025.330084667403
9479.73,4990.587196177478
6638.19,5015.412603118749
3612.6,5019.007926694469
9525.26,4999.378859364837
4167.59,5035.1760113558075
5377.84,5042.762810323109
4522.92,5047.13811158328
1836.25,5001.062263492397
6250.45,4985.540623482394
7681.88,4987.539513430439
7130.89,4986.915932795178
3713.69,5036.864961360071
9776.55,5017.9421220805225
6121.1,4954.84408879286
7489.2,5038.662497627566
1221.13,5027.978845711076
9390.68,5016.910451347405
4440.15,5054.264808067798
4703.82,5066.597856096282
8900.18,5024.610196072007
7742.17,4988.220114257063
5370.75,5061.668581162455
4621.16,5019.2825627902885
2076.67,5000.906332963681
4931.78,4999.763941721749
9295.2,4988.688004280538
509.61,5030.635934555292
9206.69,5028.569451261981
7071.86,5016.67348224963
6079.73,5048.890331213636
7988.62,4949.144163321024
9219.15,5035.656003658074
9378.38,5020.321103684341
1569.18,5048.17145383342
6186.69,5003.875493053371
3255.5,5003.259876570361
4951.63,5036.825159370962
7110.31,5005.754632689504
6070.2,5013.29576404182
1857.52,4965.416842787812
8217.33,5032.501350285056
2074.79,5009.112834405822
610.7,5007.612151373131
204.48,5070.310585550285
6935.67,4961.986660590314
4593.84,5027.709342708528
2680.02,5016.272333052509
4784.84,5014.568762668159
7147.25,4997.649643096257
1283.92,5002.027291035324
9475.25,4992.381779154421
9031.22,5036.627732184807
943.76,4973.063989366185
9491.49,4994.100894034417
683.67,5006.776030611641
752.64,4968.636177226456
246.91,5048.003908349886
8909.54,5007.72915034694
9181.01,4987.066313757818
3737.64,4987.8886964427065
6746.1,5051.903355490017
3479.41,4949.81242933067
8827.91,5016.697492391733
5246.01,5002.364600515072
3658.36,4979.123129998859
1479.42,4973.636153057518
2659.65,5060.108520778644
1289.91,4976.49110277736
8160.8,4971.664826417981
1532.81,5034.144348802599
5220.21,5025.781234934065
194.59,5011.38999932729
9459.56,4995.300205641965
7805.85,4993.3535478909025
5072.47,5041.963170866823
9246.67,5013.106956064914
8796.17,4968.157547117217
6354.22,5021.870157224778
574.37,5043.08682140605
6277.66,4990.887640598853
4233.01,5021.680254455393
4467.83,4998.617037422954
2811.32,4980.995690081598
7770.95,5024.688671783803
7818.02,4991.523122250251
4428.38,5003.686292286538
9979.49,5040.598140299661
7064.12,5047.687562520377
7730.3,5051.506998032333
2019.13,4960.684506915002
3139.04,5041.156024853374
2802.71,4992.398896729761
3244.38,5011.549541948613
8821.32,4988.13819931916
6607.09,5042.1640513936345
6849.01,4985.110115728379
8456.28,5005.589003130461
7270.49,4951.5490404057
7952.56,5064.206452520183
8376.72,4991.721839445529
9267.97,5049.506159328794
8354.49,5048.581695393528
4755.42,5015.9560200540045
8068.04,4986.316370537615
5602.73,4979.219248732675
4571.41,4971.531508706385
2625.93,5012.255940675614
5706.01,4997.736501789744
2938.52,5007.519708037296
8830.76,4974.225394058758
8960.36,5013.474434109767
5803.22,5017.876007280903
1851.74,4993.560487014966
7490.5,4970.5484320381265
3675.94,5047.188131257907
8454.68,5009.105206418247
2565.99,5001.060044979717
5738.28,5064.964611734531
3295.66,5004.28764235806
6554.4,4995.265316822703
2971.37,5027.895173600636
6775.94,4974.794875707685
1301.08,4993.939990664169
9309.57,5009.35883779723
8079.22,5049.168776808293
3988.08,5017.791057831785
1152.84,5022.898020648643
3321.97,5020.814427158735
5453.11,4968.983826567614
6536.15,4981.595220365006
5912.02,4999.378393645527
1160.0,4988.614271061672
1767.39,4965.973959034024
4189.55,5039.399060429135
8503.98,4990.206523306623
7075.61,5032.795931325822
7286.44,5013.953211045992
5504.62,5000.977377404335
9514.78,5050.729418462869
801.77,5010.007437544506
4896.87,4989.061343460731
771.74,4983.804905191709
8181.29,5051.972756698431
3356.7,4983.741495474435
7629.7,5001.753397207491
4345.37,4989.5211389204715
9449.26,5002.477485156584
1441.59,5058.907956427831
2588.82,4965.130858606152
7534.36,5019.273264729794
6195.19,5057.074193743459
9450.75,5033.464500669139
1072.25,4998.849676811231
8446.81,5035.451727217022
2207.75,5048.072907200046
9896.49,4971.327949882223
6795.76,5035.35486028058
7501.85,5016.556497446056
5963.85,5047.326777223736
5839.46,5025.970740422988
2161.36,4996.884180776983
3641.14,5020.8549676707735
2020.52,4974.297152426931
8198.96,5037.468249706226
9397.28,4995.500445226326
8193.29,5009.378245426216
8409.41,5021.039179926052
1029.65,5019.853911172882
3280.52,5014.344784944148
9079.82,5042.890468106335
4313.06,4959.061787261812
2968.83,5026.110314249434
7245.34,5019.562518904747
3856.52,4990.941613608555
3444.8,5020.749062751326
6029.51,5049.537629827988
5367.41,4986.309179183403
3863.18,5011.321801615634
2198.16,5047.971507101867
7942.31,5046.632113437861
8178.04,4976.890278623575
2173.93,4960.276278915549
2247.13,5057.562805254974
4483.86,4982.670109907512
5783.02,4993.5927988624135
2558.3,4973.2355128358895
8934.26,5027.712804284778
3226.92,4993.446896681528
5295.9,5042.7615374749685
5010.26,5059.224859678175
5859.54,5014.751735604925
1182.32,4975.947468219633
4032.32,5025.70785119326
9151.19,5037.718312304467
6409.0,4976.2297002731875
6589.81,4969.811439926255
2689.42,5001.3752602975355
3232.3,4984.487614969883
799.27,5079.680635712822
5112.1,5058.905576973614
8629.07,5047.171202163406
4064.13,5023.744940310733
9787.02,4982.936151389494
8956.9,4964.846143471892
4494.03,4997.3031323910145
4309.66,5016.027546685155
2616.14,4982.507947859357
4488.29,5001.858476448706
546.51,5008.751833787663
3585.45,4969.367885728697
3930.63,4976.926816554032
2521.62,5052.34148155191
2062.06,5031.260251412529
6850.85,4999.9999569193915
7301.82,4974.109426516373
4935.21,5017.470310751812
6423.01,5070.697453420203
5319.64,5021.322031960332
2912.16,5035.46193217641
8198.36,5002.779554093743
1724.91,4958.195770627466
7440.08,4971.264861358226
5734.82,4972.663623392279
8302.36,4996.260237993217
5979.0,5004.960776837269
3768.28,4983.301660573978
448.07,5005.6717109712745
1831.32,5009.2149141564105
2408.58,5020.227643087317
9999.76,5057.229660798132
5718.49,5028.735036065055
8807.41,5004.581417825468
1455.33,5013.889741657034
7750.17,5025.333959082769
6520.92,5018.320480302321
7538.85,5045.923235375211
3570.07,4995.450964367446
2000.62,4981.7509496867515
4533.38,4990.172209823487
4875.42,5001.146568309693
9752.37,5022.775723950654
9027.96,4964.386848062254
9804.33,4970.107304240339
5611.34,5042.601158750235
5535.89,5040.285273906007
4335.46,5008.062067557298
4913.67,5037.863941681733
2889.64,5013.946017446512
5812.33,4982.982770603659
1522.48,5024.848759900996
5152.32,5042.81714778227
4126.97,4994.650021532969
6911.95,4985.506672147763
5147.23,4995.334640555511
1701.03,4993.529143237885
6866.29,5043.407938870122
362.04,5012.835736845058
171.85,4995.9029179621975
5326.26,4995.536820771143
9803.78,5043.052750140796
4136.53,5037.5026176250285
9888.87,4980.190041218882
3731.33,5000.516800966648
8335.06,5023.958318095846
9450.07,5003.925240725544
8942.72,5003.124425311802
9696.01,4972.6167664507675
4223.11,5039.596872169623
1921.81,4996.708610025411
4008.76,5038.9496145105
6841.73,5047.236072511037
1723.02,5012.753840567926
2996.4,4995.962340013604
5529.36,4973.603406020811
3112.14,5019.696796451117
124.52,5019.227249080853
4570.97,4976.4926543080755
4487.05,5027.288096550315
6522.78,4968.14182232064
802.94,5050.705807045332
2752.86,4969.614869004068
1036.62,5000.2377069951135
7202.02,4973.348704500445
3478.75,4977.046640652176
3515.41,5016.026629305399
492.79,5033.561117207789
4564.15,5015.345424857867
3588.14,5070.099699025787
1038.42,5015.018532025339
619.79,5018.872209423782
9443.62,5014.2377189829585
6792.22,4995.912033420809
4251.62,5020.990547095548
7468.75,5015.794896816016
6121.47,5057.963146633469
8348.48,5019.803454063727
3349.03,5013.169355256804
2038.99,5018.929816876235
187.27,5009.886128966073
3668.71,5028.172809131397
6108.26,4993.368133995879
2788.1,5049.708518345567
1417.39,4974.650266479814
2111.73,4973.133616432664
2138.01,5005.362493134921
4781.55,5032.674309789706
7415.95,5043.198050890358
505.91,5041.266660396471
9897.35,5052.897883870604
2417.53,5026.828833915997
3756.77,5044.221344687793
5808.04,4985.191076766149
3351.01,4967.395070118336
5992.93,4993.989772611451
6471.85,5043.806854638849
5967.52,5055.94479387529
3514.69,4976.539755712738
3135.75,5031.577244063444
2610.51,4980.8284195912665
3631.61,5046.596750663696
9795.17,5011.741010363264
7277.16,5033.353139273559
5590.27,4995.192336352685
619.76,5028.627903053437
5273.93,5000.739513276947
4849.23,4971.677089693993
4497.73,5052.4462574594545
7118.79,5029.827289947006
7014.24,5031.547342311633
3937.52,4965.185826471216
6404.75,5001.844640735939
6985.68,5045.135021591741
2056.01,4999.609906267168
9263.41,5046.375085343473
2226.8,4994.258459559779
3595.4,5005.825581739262
308.95,5008.538511128013
7413.4,5067.251524075985
182.46,5041.336175712237
4886.51,4987.100932018729
5545.15,5035.150290185556
1640.11,5010.187159093064
4132.34,5051.159236884777
5178.02,4959.574803839257
9015.75,5061.387286593531
753.32,5040.484940455197
7843.82,5001.150448659699
5141.56,4996.615885761732
1382.31,5010.920408700843
8716.06,5015.371948610728
5922.25,5010.876645141066
471.17,4972.696907744946
7389.57,5037.183875925801
2208.68,4951.22853554361
1279.37,4984.834950552193
3493.86,4994.015609221789
7386.16,5032.828060571386
8029.05,4973.185499151587
829.07,5024.385010305015
2002.37,5035.2756355649935
5030.86,4996.613372150975
6719.29,5052.840581195925
890.61,5023.497181992056
1251.36,5006.107431483752
5732.73,5040.638418488942
8831.4,4969.70222624787
7502.06,5041.373923875258
3530.01,5061.928938120655
5135.59,4988.959329316467
8439.04,5023.9762025345835
7442.83,5020.713063580933
289.33,4982.358213773808
4368.22,5003.824619360044
1652.01,5047.581529434713
8210.0,4987.351374625081
790.87,4983.426160170309
5776.7,5048.9536559651915
7248.23,5034.17852593961
4688.59,4995.361244084931
917.62,4985.682789894992
2516.13,4984.371252392303
6536.49,4984.56022136643
6412.15,4994.550752792167
5620.82,4991.294969823637
3494.42,5033.260178726637
5875.36,4980.887497353773
7569.03,4969.252666333253
2596.36,4990.356932554047
5742.34,5069.156152344184
2502.15,5052.184879550693
455.32,4978.504414143789
7851.47,5035.819609921083
2975.13,5032.697390627088
2823.8,4970.02039635603
3614.15,4990.236988525278
5615.49,5025.324695297383
5858.42,4993.522364722789
5599.88,5057.527363505415
5684.81,4995.3887932232055
1587.97,4991.6297410972165
7421.13,5034.971219948939
5945.96,5009.003283174342
8768.97,5045.983993580131
2573.08,4977.337487368758
6532.27,5020.86866104709
7054.93,5030.421549989852
2718.72,4992.1955376684655
9519.95,5021.841481264185
973.35,5005.195856851234
143.1,5010.620082821672
592.58,4993.261749186888
2892.02,5028.770931664643
2051.4,5006.3933687755425
5107.07,5024.347746522075
600.3,5005.657590641292
582.2,4990.990020636678
4359.53,4964.198149590793
3814.79,5072.964172608504
7251.82,4964.988513336728
9995.1,5012.923055323215
3444.11,5045.037931098186
119.23,5049.583099925377
1917.8,4977.176464012204
3749.27,5001.045090735908
8171.56,5038.577305960565
9628.5,4966.799526802171
5902.92,4972.67429043729
6681.13,4983.746927355157
9318.21,5018.934625031175
8056.48,4981.278630128029
5895.28,5000.8507793373155
9482.23,4969.295999194308
8017.54,5033.55952466616
4583.72,4990.413604767137
6229.24,5042.74128550698
3160.47,5030.708250344298
4058.92,5013.1563191827545
973.96,4971.281236776949
9966.07,5011.940223062424
1805.33,5019.350306651913
6124.1,5018.455614112659
3446.68,4964.962871943035
8001.23,5051.761758423218
8869.73,5054.579923504184
7210.17,5025.619471554793
7814.82,4980.858050896096
6824.93,4990.461083990328
613.44,5001.206750488692
2657.05,4977.800740659693
1348.37,5029.022958577032
1606.4,4998.486434529084
5113.56,5004.69404008854
6052.53,5017.977273222541
2438.26,4990.866607597233
7504.84,4982.439247852331
8645.64,5021.663639119739
2800.42,5066.186557065236
3587.63,4980.965548357172
7903.26,4999.25939378151
7095.53,5008.394124013151
302.64,5052.173197545446
2379.64,5014.121834105338
3315.33,5014.06307529084
5862.0,5004.682510844919
173.07,5036.108347741799
9403.01,4979.910288556661
9716.24,4990.426502194109
7067.38,5070.688521253272
2891.62,4982.053230311742
2543.54,5022.732057225876
6494.74,5028.371761753068
4351.68,5030.549435820727
6888.52,5002.910151052973
5329.51,5004.64274088565
6282.57,4982.930235128691
1179.51,4998.287028858548
3938.6,4970.703097954294
1004.36,4978.793609503907
1757.53,5012.065942571017
8179.34,5013.041309229873
5338.94,5041.121815686523
5080.87,4994.745652197332
5735.41,5028.7699107140825
7372.35,5031.93322794095
8010.5,5010.858764447385
285.43,4979.556873415375
7720.81,4972.172683117158
9971.38,4977.594610854042
8042.0,4982.145647552378
7310.83,5043.495143296612
603.45,5051.628898251024
1119.44,5045.763873855983
1296.95,4964.192204989523
3997.49,4982.695163350319
9117.93,4985.400688252922
5512.83,4979.0331309224
6314.8,5053.536276413222
8401.63,4978.781514603859
1365.14,5024.191716111926
8702.47,5060.673759873374
5982.69,4996.186089689966
4794.99,4985.124010311665
3150.74,5043.50223108002
6065.48,4976.058927251378
1031.61,4998.322503383427
1132.93,5044.285086023521
9717.62,5002.63148184552
3960.64,5010.230473293349
1788.57,5052.54701517108
7396.62,5002.424427225686
766.85,5060.840485613317
1718.88,5012.783201314405
7842.08,5026.266348348954
9161.42,5025.78076915907
2680.82,5020.454915455716
322.76,5011.6480520616105
3409.15,4986.432342570537
4813.09,4996.705315436708
1502.78,5034.338178066379
8722.11,5001.1118382980685
1337.7,5022.621061723858
6900.81,4986.803215141212
5789.0,5001.141728180598
4237.89,5037.808398480544
7204.71,4972.685785405802
4170.08,5026.920677320297
4558.4,4990.417633388234
7223.69,4954.827755884838
4591.23,5028.2923969463
320.21,5006.691431441747
1338.08,4985.388192438724
8364.6,5047.215834657597
7344.98,5031.191346509161
6703.16,5035.748917259441
9472.68,5007.458238150127
6526.36,4961.27408777029
6390.52,4989.671145753956
7129.6,4984.6172147727975
9637.22,5028.457713547661
1430.23,4982.551195009213
8341.17,5058.108152284953
873.07,4986.289596386962
3185.8,4979.266256190545
6088.26,5039.70690334633
839.68,4990.458944453042
3873.3,5030.682104409965
6470.46,4989.4275322976255
6963.56,4967.676958628471
8720.39,5022.009907607099
7175.19,5024.103957953974
4729.16,4983.8902488191725
6054.76,5019.7993374861635
8414.34,5033.224795847597
4961.13,4989.4837059604015
8077.75,5046.3501295368305
1267.79,5019.894170701393
5485.94,5032.537591673332
1485.69,5068.803400495491
2672.93,5012.302942198844
8114.74,5045.798773100421
6142.11,5008.613991094238
7397.05,4978.442604402573
6249.35,5030.596305432684
2114.05,4980.045737569951
8250.04,4998.676332807933
3843.02,5042.56063834307
2946.68,4973.031787079867
3184.09,5050.603255585108
5689.36,4991.0532373268925
8263.52,5045.105030383675
4610.92,4960.358710263372
3582.59,5030.825745623153
8267.01,5041.596976039605
9788.8,5037.689410541493
9485.19,5013.190170635952
3381.81,4954.648597691754
3086.35,4969.103916677888
9523.32,4969.750984999322
977.86,4980.0418326245335
8847.29,5017.103928887857
6667.5,5015.224252681244
6274.73,5049.0636871419
1885.14,5045.101611318127
9100.31,5007.933453628671
5621.63,5025.479373138516
8065.43,5026.616822870134
1644.88,5000.881254925463
5656.6,4997.368653305107
255.09,5004.376209834427
2577.82,5057.519456034101
890.86,5036.292395310485
3939.01,5023.163348203107
7729.33,5036.901536612069
7003.94,5028.80783179929
8738.12,5045.065246254171
4615.99,4947.8770772661155
2452.06,5051.708988910276
9425.8,5011.075983816858
7604.02,4993.795489497641
915.81,5045.514256927862
9919.36,4990.471329960629
2170.76,4968.0788314328065
3701.69,4973.721747082773
2427.98,4958.87576933297
600.72,5035.911402690456
5420.47,5013.255348006625
1511.49,5047.788240511128
7420.85,5023.033378016093
6325.42,5027.883766588591
9765.99,5045.215494504373
4832.36,5019.70747991163
8881.99,5015.9176473640355
8399.95,4999.468713859577
7176.49,4980.798669799918
7944.8,5036.579501768241
4063.01,5008.013290145075
8462.15,5003.1520743315095
4823.66,4995.951313065356
4983.96,5034.3033585984995
1080.39,5043.11317897253
8364.93,4984.1475593411915
781.95,5029.76529311337
3555.91,5000.715009130749
3363.56,5032.727583843289
7183.04,4986.13548564636
6916.31,5041.920074289011
1295.77,4981.2221188564745
7664.42,4991.340375115866
1365.02,4972.093202814619
3457.06,4972.929974142572
5958.67,4981.509434756794
3798.91,5014.163470798276
7282.16,5037.119723996226
2313.74,5039.9074850300085
6732.44,5034.44096725395
5169.73,5005.833110702253
5211.64,5024.0712228422335
6001.66,5015.4206976824835
6276.41,5042.883404918339
8912.66,5040.104932321037
763.27,5028.540387057683
2401.15,5027.105281564337
2288.44,5056.598626541587
2214.99,5038.157158228518
2366.26,5002.752607076589
7401.13,5019.12471403613
4714.62,4975.86922793423
8463.34,4961.013976719345
8647.72,5054.920794385929
1078.34,4954.637115393688
9134.21,5072.065046788945
6804.08,5035.747363483457
8327.55,4969.786520639989
9759.2,5016.833217898014
7881.59,5007.6112384839125
8896.09,4991.907352833732
5006.76,5022.428629729378
9764.76,5055.474996107234
4890.59,5059.960657917299
8211.31,5042.535674356519
8495.12,4968.241333279324
3639.8,5053.800926560545
7951.56,4979.700040673659
6120.25,4956.250074956445
970.81,4974.710489669726
5013.33,4989.163719809185
4039.32,5004.593862147891
5528.17,4978.6120718009215
5006.55,4986.1872990695865
5874.64,4979.71977174119
9190.25,5020.1573490945575
8770.7,5020.217347926193
6371.75,5053.223619406447
7438.48,5049.267000058806
9400.9,5034.058677246054
6046.46,5055.824402676614
3204.96,5029.050418314735
813.5,5016.714528746412
9126.96,4985.321984437793
112.42,5027.322503179079
1817.25,5068.968265436406
2249.57,5028.320517731327
4032.5,4990.956830175121
602.51,4965.124643502215
2706.83,5034.791687626699
2893.9,5007.779997945068
7650.3,5037.137657625786
3832.21,5041.90852044998
3336.29,5030.8016885354955
2573.75,5028.906403028076
4701.62,5011.373745394661
6198.54,4971.753718776996
9539.87,5021.4518717358615
2522.74,5033.20401324377
3523.3,4994.507029442139
283.05,5017.378473282153
9468.55,4961.97886936025
9127.73,5004.615712647834
7785.08,5030.567816564511
719.87,5013.310257056854
9670.47,4980.935028013055
5003.57,4983.914092774895
6998.49,4997.414510202097
6116.56,5031.4809450286975
3533.77,5050.380398637406
9315.14,5018.266714489912
855.56,4997.353982234411
1227.74,4986.849789655092
122.56,5001.217826683446
2909.64,4965.790192448866
1113.31,5005.316590093542
944.41,5031.3736815499105
1621.74,4958.684654886916
2175.12,5065.875754922847
485.75,5022.6251254212275
8816.05,5077.345452745053
3943.72,4991.798116805204
4500.14,4989.977276143215
360.56,4960.412748879398
4689.24,4992.941451466408
6230.53,5017.81509850394
5358.1,5041.743494511843
4147.79,5046.987083799235
1052.5,4990.683239680957
937.93,4999.63654626128
1890.94,5024.664002895329
5631.24,4997.814383560328
1856.52,5043.345746819841
8957.15,4967.166321505242
4045.39,5002.691440467406
6573.06,4985.033433709497
6520.19,4976.488371544131
4458.28,5005.291641721327
1991.18,5045.986291869369
4920.61,5034.925603024563
8296.91,5005.929355357017
5056.84,5006.499847531327
3596.58,4991.393831715647
9774.97,4957.591128212509
3323.72,4986.676043237855
5049.92,4981.088394296086
7361.16,4993.475010675065
9171.46,5039.868404347161
8726.84,4962.141306401608
1118.32,5012.908089154441
4577.89,5040.019198148917
9662.29,5029.015033246112
3280.34,5030.735010324717
1332.89,5024.3139353343095
2098.94,5030.893830838613
8573.07,4983.387834425895
4283.16,5008.174101869483
6630.15,4990.7621141173195
4938.92,5003.680832121034
1641.85,5005.810780257081
6547.08,5022.720237374716
8719.26,5007.046308657494
8295.12,4992.740129815697
3281.55,4972.243919085085
8994.19,5038.651270916452
2194.82,5027.2852312162295
5594.15,4981.845534805142
4021.91,5056.16322123206
1610.27,5005.60752402111
6941.45,5032.151945960945
9508.4,4980.74410883933
9119.66,5027.362610747127
5874.93,5016.574685218464
7985.19,4971.432268250366
6993.91,5000.154742821866
8380.38,5025.36327737423
7045.76,4977.957912006708
9390.93,5028.474179112436
9350.38,4992.1490421299795
569.47,5001.0656825579445
1388.95,5020.257626115474
3436.17,4996.6097354629555
2299.33,5039.1038594076435
3387.2,5040.256976565106
3860.81,5008.559000823348
1414.88,5046.722464181965
5285.18,5071.574871076268
2230.97,5017.491492024522
4885.83,4993.762577774342
4574.43,5047.726781049137
7136.64,5020.616178784885
2202.68,4971.233264938084
6919.27,4975.819732905117
1248.68,5007.117558795654
9569.62,5009.015182802061
221.48,5030.030271189774
7592.6,5007.646275574264
919.74,5065.437148915725
7221.32,4981.529237420975
6289.96,5022.346336227467
2562.5,5040.996073883472
3927.3,5021.348393271869
3483.67,4985.196449776351
3774.03,5032.511500920146
7227.61,4995.556169529609
6367.01,5033.129446166763
8666.25,5037.712812572152
452.33,5025.7098118737185
5758.47,5007.1131046093105
5421.6,5005.968057420171
4334.39,5030.856129565462
7655.35,4974.207175756298
7499.01,5025.890509728238
1197.2,5050.252222198991
9316.26,4998.310965904215
9262.14,5050.803810428105
4268.34,4951.467178403676
5506.85,5044.285694079282
6368.47,5018.872064842063
6225.4,5058.8388458269565
5676.91,5041.493562380771
9148.96,5035.552265116593
1417.12,4981.950064805432
3626.86,5011.835403898697
2353.05,5025.801604643092
4889.25,5031.322697605658
6913.93,4997.778657193554
9690.78,4995.189273501002
5957.08,5046.3464951497635
2747.41,5042.9904836056585
8481.52,5045.434790795557
4928.56,5037.820226567297
1025.64,5066.523523001565
2057.65,4963.815426638907
3667.62,5016.7036873907955
652.78,5037.604806881063
6326.02,5013.425716369228
8750.01,4983.664928951323
4659.61,5029.61984852757
6455.6,5044.931141574303
8040.32,5018.378926159136
7789.7,5034.979285426724
9461.41,4964.900302074227
7970.2,5031.55016743597
1335.01,5016.786529332467
8194.4,5007.780799027889
3799.27,4994.182786566493
886.9,4983.7130878269245
2173.1,5019.062227633253
3480.75,5054.275625629168
191.01,5030.771997614666
1962.41,5015.414140479231
858.48,4984.394534436655
3328.07,4973.333646630147
9529.39,5052.47436776362
884.8,5013.394449322272
5374.79,5020.405153613308
6132.48,5065.838653581231
8133.18,5034.962037384215
4558.75,5065.859849024174
3968.48,4979.1131932411845
4102.38,5009.728862283845
1111.67,4982.48007897191
3856.23,5034.324503350833
774.99,5009.99347591079
5277.23,5065.656658338844
4032.99,5045.412092267239
8922.5,4993.57538837858
9435.18,4976.1236284218785
7422.43,5012.29638130622
9803.03,5010.030276164004
5707.92,4980.98026861869
3259.82,4976.299325094397
6805.32,4987.532913772169
380.31,5030.82310384618
823.99,5010.1555038024035
2625.01,5043.859705372453
9416.49,5049.966372118188
9497.7,4981.587660871963
8379.95,4998.486548580751
721.37,4971.0777084828405
746.9,4990.090464062714
7625.11,4979.583415829006
527.96,5025.10281010942
8358.63,5031.683812275483
8576.46,5054.370607171172
2053.3,4992.52459613348
401.15,4974.047183831166
8074.74,5048.223417773005
8329.06,5034.470773670549
2841.78,4990.520868245924
9266.6,4953.513487204605
6646.4,5036.9325204302295
661.05,5043.1562696157025
6308.14,5005.521014805684
9652.1,4982.74979141702
2634.34,4989.287330310543
8863.7,5017.525116175551
9175.49,5011.828003157607
4352.04,4996.657955454343
6239.46,5010.751974923502
3864.41,5014.351479937629
8183.73,5022.222429128244
6425.53,5051.475029728304
7486.32,5006.8593711036265
9226.4,4973.855742201511
5491.39,5006.654844264784
9189.74,5034.029113047338
4902.47,4968.135308373569
1503.57,4970.877450237708
4979.03,4978.71253441447
8076.53,4985.788249144319
2061.15,4991.375202819339
1298.32,5017.240610483855
6232.09,4995.36458337392
9392.31,5009.81419548613
2323.39,5007.389813136304
1704.4,4985.082798327126
6449.83,4979.741780993085
3483.66,4981.591217783424
8716.64,5005.833147166945
3698.45,5028.031210620496
3890.61,4972.02732793193
9282.43,4996.299861125499
645.52,5057.0313549978655
1835.94,4986.299907218108
7489.88,5024.871625416859
8907.3,5032.750704890419
1931.14,5041.415755840524
4964.36,5021.665599800199
6971.99,5040.059506923934
7649.58,5039.616214993449
9380.7,5022.6881222437005
3097.02,4997.6067938698025
304.68,5000.156664736682
2369.61,5053.109264454881
9952.75,4968.184050765203
9184.16,5034.12350882804
2673.59,5025.002642593949
7431.46,5026.062071907903
3710.34,4976.925151027333
2427.28,4979.003562233146
1925.92,5048.626685601373
4754.13,5057.233077618412
2031.74,5017.778491222102
6019.37,5013.850950193309
4424.5,5024.845477237257
7258.76,5035.50670331768
5498.9,5019.483583352597
5779.78,5026.325117644315
7543.91,5060.588009341436
9122.69,5009.7176788289125
5733.66,5023.71741576787
8327.39,4971.744744155048
826.2,5021.97907799467
2677.53,5060.488567678449
4561.27,5016.933281786995
676.29,5026.218057617765
5657.72,5065.512315924268
3344.58,5022.348817808385
2333.31,4982.675564138376
346.58,4984.8734477190055
3106.6,5022.58481664621
633.84,4993.00625476361
7000.01,5034.623749408923
8312.19,5010.561818066952
1280.02,5045.16072634649
360.16,5020.0942173143785
8981.4,5045.86738515098
2865.29,4989.321011086824
7358.07,4954.574348062967
7855.11,5007.673635430535
8720.25,5009.066770367222
8504.39,5011.334465805798
3503.85,5032.414408181323
4959.08,5004.817549264361
4703.77,4985.66117113207
3095.45,4994.903996455371
6710.4,4994.526500487866
3262.85,5062.420037147729
1612.89,4968.144999168305
9949.79,5046.151910947551
8468.43,4977.179319722277
1972.33,5009.981126923579
6469.3,5059.120709741681
8928.28,5019.336283902411
4548.17,5039.780807186429
8823.67,4969.374418280853
726.95,4998.893383745757
9520.74,4979.968665062095
7534.3,4956.26107361991
9911.77,5023.345274094112
7390.76,5049.700165949613
2256.55,5018.570282823073
2733.91,5048.3134495691
7525.43,4958.763004677764
7927.83,5037.339548622296
3738.22,5045.435758865923
7717.86,4998.226395074788
5153.45,4978.050522274405
4635.2,5040.378695681702
6352.14,5000.0429544169365
2192.96,4989.802580316383
813.4,5003.390849047164
4247.18,4972.2324956575385
5821.48,4999.060505964998
8930.33,4992.761026415507
395.38,5053.869197312953
2504.81,5023.436257600756
5666.55,5055.27432721257
3590.2,5032.655457336286
5543.35,4989.748915773826
7393.87,4986.6203271144805
8833.29,4983.109181689628
4411.59,4965.303402970733
935.7,4999.348503762996
6817.39,5006.96959610856
2512.53,5012.083054211717
9603.45,4999.398838640575
969.26,4978.799991539704
4556.46,5010.2355169303655
2838.25,4959.919607951203
4566.83,5017.476485646
3681.69,5054.449182764401
9211.32,5027.349387636342
567.28,5005.81203668972
3069.84,4981.1222926948385
8707.94,5014.674305439101
6723.76,4997.383908637317
2680.94,4990.071291915806
4684.96,5008.794446730874
3191.94,5009.533312312219
8934.98,4994.964746536066
3345.89,4973.326485861671
2027.99,5011.437801933341
2156.15,5044.20825348828
2568.73,5045.479209412333
2567.93,5013.657330316407
2180.32,5057.92850003209
3079.21,5026.846777225254
6608.73,4995.663317512626
3899.18,4996.791665900182
4445.96,5033.479096453813
6980.14,5064.614599298975
2972.37,5030.201752204461
1191.85,4974.206173466508
1198.61,5052.629058275199
2983.51,4977.739014384407
4076.51,5021.426438284943
3436.92,5013.1747953174345
6175.21,4988.597146750526
4784.94,5047.060495824824
8225.53,5032.690695633607
8980.26,5049.089391896649
9654.99,4970.508162028754
9080.71,5044.538800868435
1121.81,4967.921537854215
2048.94,5019.6616275051765
6896.12,5048.608351803142
511.46,5021.6589531963755
7166.46,5033.040677483427
1306.81,5000.285835284978
8129.41,5035.073708048107
6068.45,5004.294992408541
5875.58,5057.284913336096
2207.5,5056.945146870841
7284.17,5024.530473551586
1966.38,5035.219104244248
966.34,5030.124524634026
7484.1,5044.4558180344175
9493.91,5050.114251339351
3863.93,5024.298554025468
6409.4,5007.347295528303
3945.5,5027.282115428668
9377.4,4990.933218757584
5658.9,5025.951247082802
7763.19,5030.892636965867
6534.12,5010.047138208078
2773.84,4995.941284661842
8346.74,5023.273440495603
7135.77,5000.31784459992
3193.2,5015.406424535189
3073.94,5047.627939262001
3675.8,5030.961842957636
3856.65,5024.117620744555
7283.06,5036.088075613251
1053.11,5032.361376345623
657.46,5020.815450354565
6289.8,4982.120829591648
6948.5,5017.380553948919
3236.87,5039.0840567434625
9612.49,4959.013304947667
9243.64,5046.328642740866
4362.86,5045.617542420479
2401.54,4962.13071239735
5656.44,4976.174010245011
9898.83,5023.707147447426
1461.19,5020.729608121102
6316.88,5005.922566416743
8556.26,5002.033501648723
6821.34,4972.4512524431775
4619.77,5031.965316231286
9370.12,4965.5769897755235
9052.05,5025.320050384933
2293.85,5008.756318504057
8509.14,5022.160833320127
8453.23,4971.68133818283
5323.01,5001.271810118326
9885.8,5022.3902123391235
267.64,5002.364580410198
7889.52,5022.600354406051
4174.91,4997.024793413596
1120.89,4967.079608893262
8365.98,5032.643537603693
8178.53,5021.493429509089
422.18,5022.478995192693
8731.59,4971.480599992468
3459.77,5058.705064585633
4480.32,4986.846167137306
8926.26,5040.510685419695
8826.12,4982.038086730245
3356.28,4978.422694478215
8564.78,5002.702054576538
1390.42,5035.273823956789
5294.45,4983.35479229111
4001.17,5044.304774636035
7199.72,5022.93725553722
6401.63,4977.402888296544
3889.56,4997.297686395743
958.3,5006.375931451029
803.03,4974.219396577293
884.07,5007.313047651492
229.49,4966.282851186565
728.93,4981.117293758107
6469.62,5015.539929283521
1613.49,4983.88562026654
4801.6,5022.9241844425815
3554.12,5015.243222875703
5514.12,5039.859748673221
9147.92,5038.239697637684
6575.83,5000.126713738364
6090.68,4999.59599526838
3402.82,4997.846158837297
2461.25,5040.607546421496
3368.11,5038.018652298187
1602.75,5038.112112895211
1185.05,5028.168786444941
368.8,4993.843418825805
2131.19,5024.65603056317
5169.67,5031.179042222236
1686.06,4980.276983378299
2827.49,5015.145964006184
1096.1,5025.695716139147
859.1,4993.930043481318
2731.61,5065.496987551304
4520.79,5023.36064941263
3400.39,4992.004880761813
1543.37,5033.299605142487
3607.67,4973.251424724886
8035.28,4998.4494673440095
4118.62,4998.019397080206
7459.45,5041.143181806385
7776.71,5062.472475042217
2407.1,4961.2294776262415
4814.6,5019.554107693957
3917.09,5010.772816397848
6074.01,5012.13918167442
7097.18,5028.790711922997
6059.51,5006.889265476693
1149.35,4985.847894752837
340.07,4961.825061953319
3185.98,5051.980525578352
6939.31,4976.166090848732
6675.82,4999.611079979357
6391.16,5025.6380840912825
9029.11,4981.997617759172
4559.03,5010.408506965067
9017.95,5043.49385783371
3215.91,4985.090831775072
6446.33,5036.177224360383
2419.27,5059.163609603062
9457.74,5005.080051694488
2760.4,5027.036320035719
9110.58,5010.730091648238
4520.77,4982.509594780969
1139.88,5026.115770725567
4573.76,4988.385927107786
8897.35,5046.025404526371
900.6,5012.306446174426
9919.17,5061.8229378103115
1365.06,5014.627179439027
4659.34,5008.573615268792
331.86,4973.477519580357
5104.16,4991.848661069662
1979.61,5006.575327497552
7920.18,4997.917587832283
9257.87,5009.555528705724
3478.49,4985.1105368030885
1191.15,5049.657974025426
3390.86,4998.516645604891
6216.1,4987.148637044299
5525.85,5032.512739437494
6620.3,4967.129968366253
8780.32,5022.06640470842
4737.96,4966.295749414701
8307.63,5016.291739237391
9517.54,5034.762794099319
408.49,5008.551295304483
7866.47,5028.162063110993
6976.12,5024.535775766303
5932.19,5042.864603155529
4006.44,4993.387488744671
1224.97,5028.04455147232
3594.61,5007.846120980281
3792.49,5041.998851089209
7116.92,4961.083528499802
2705.63,4991.740960156347
5884.76,5045.147834108679
6157.31,5015.16471064353
7700.89,4966.317831651665
1646.75,5009.768483170858
8970.46,5001.2703152128615
6340.85,4994.506753004833
3851.58,5042.934140765753
1879.36,5012.4103457688125
1085.52,4993.29746592965
908.14,5026.309579884473
2653.62,4972.899264516451
7869.37,5063.509663367256
2044.51,5032.93883401608
502.06,5013.73904404734
7269.96,4981.704802182221
8796.99,5018.523527207098
8072.92,5001.846367434108
1771.83,4988.231069664345
4613.06,4998.652247435492
3599.26,5027.145670060228
1430.78,5003.756354542276
5212.08,5075.61932761294
2451.96,4956.710895857284
9443.82,5032.802177015495
8896.81,5011.872552185868
4695.45,4979.653614430869
729.7,5040.485682667498
8054.62,5030.5503449648895
9361.19,4996.176555401915
5649.82,4988.262387401912
4123.96,4979.680453386682
1456.18,4986.113773793495
7544.22,5062.730568787452
6804.34,5032.394424415048
4498.28,4988.787097909569
9348.44,5045.72092554926
6348.25,4958.74083897487
9159.95,5033.608334853703
9979.68,5042.809132939409
767.03,4983.363067155775
3552.04,5020.413701225908
6009.3,4974.188727962085
1830.28,4986.876677801726
9038.82,4991.790083357258
1822.79,4966.088857236192
2096.27,4982.890743851996
6833.99,4973.761476086813
5254.87,5019.495072386468
1313.02,5065.171573208738
283.51,5020.162471706968
1758.87,4971.426856474519
5682.75,5029.24499209177
4436.29,5027.995154023687
4856.25,4994.575163848422
1817.26,4972.047858638178
9985.23,5027.095593014869
4362.68,5038.168508615311
5710.24,5012.371662310745
279.79,4991.2235975095855
191.78,5004.476871409676
6412.29,4990.272420539456
3033.65,4982.384025844419
4111.7,4976.675204726028
8981.64,4985.434539706121
6977.64,4979.792341673045
4811.73,5017.25402068706
4211.88,5018.403493722074
1737.98,5046.58682813194
2633.01,5004.576195331625
9459.88,5021.068839515665
1470.06,5074.823816659184
4099.82,5007.950626385159
1346.67,5014.257838294194
4480.56,5015.470003429593
1376.21,4993.071165320989
6936.93,4986.4410489350885
9149.21,4994.8269098329665
2989.55,4968.232309466553
6267.79,5037.467429962634
6495.99,5025.077670955414
560.38,5064.950794682534
640.77,5037.881074228472
6158.15,5019.826693653062
8314.13,5019.769583949758
2541.86,4982.115987161601
9220.4,5051.081489215049
6168.17,5042.328290363499
215.12,4988.084140598259
7877.55,4993.175028339315
6552.99,5006.83583721738
1076.83,4979.506184569199
6985.54,5029.592616837516
9834.3,5059.412498433429
6869.88,5013.073989160467
7877.52,4979.77231769702
3296.02,4995.037664446192
8123.21,5016.080559860085
6659.27,5045.107887537851
4425.35,5016.544620224164
5702.97,5015.176052850415
8417.69,5038.441084149238
8287.02,5011.846174514513
7244.48,5024.777190870512
1771.68,5025.078769437265
3143.09,5027.765772759421
2905.1,5042.183003728487
6747.12,4968.006440357779
6008.75,4993.422650311867
2133.58,4987.442919241931
5156.9,4981.213595093806
7467.5,5013.262587750495
3188.34,4996.50320008192
8953.27,5022.093142338696
9267.5,5040.724606511093
7978.29,5017.886066214469
1660.82,5018.81685101406
6455.28,4948.96523093032
6365.52,5030.425691162827
4906.75,4980.00105213988
7583.46,4968.374437113505
6554.76,5029.492924776737
8823.45,5039.215218557955
3170.87,4998.783096236617
8857.45,4987.279717582445
392.77,4993.149578472893
8685.28,5059.104256847351
4737.78,5001.98101087404
2937.8,5000.006710839077
386.25,4996.121667257725
6954.76,4976.5249177101805
9773.17,5030.883941082177
4253.23,4999.54549345894
330.27,5033.219727615169
1930.88,5051.94119305361
2818.06,4993.617279214364
8846.89,4982.535319640593
6659.72,5019.260065413256
1792.46,4971.78951674042
3542.11,5025.797868874805
9615.08,5004.428330280695
4482.0,4968.575384690745
6525.58,5000.460323970201
5072.68,5007.82397538226
6709.17,5032.67253839125
2662.1,5047.838471817902
6935.24,5048.953086619392
5795.97,4987.824216584049
499.86,5015.031189479696
9939.87,5026.428534992519
8052.05,5020.915534348421
8934.34,5050.068770816784
7067.35,4984.944213477084
3377.08,5004.037046990081
4197.1,5038.46678665872
4805.82,5048.307879096985
9522.32,4964.531178551865
4170.73,4999.303820578195
9028.77,5022.148244360301
8436.85,4992.1569414213845
5169.64,4983.737002522447
7743.07,4986.747999067939
9328.75,5015.084201210521
7932.5,5021.346077123025
7316.1,5005.4972282763765
7533.68,5028.757090017236
268.39,5027.120819324178
4003.87,4970.6805923973525
2593.78,5030.45280661163
8913.35,5014.087004156597
5654.66,5035.068613776163
6782.53,5009.829523859094
2125.09,4991.995903894596
3216.57,4980.764411497928
2379.32,5029.5417081236
5820.13,5061.256102428896
2496.14,5007.818262573695
9951.87,5025.51271860697
8642.2,5004.669653627697
333.63,5026.8513208121685
6109.08,4970.162164044061
5946.85,5021.196318442064
4727.04,5025.992550713182
9615.83,4982.533261379653
6031.26,5040.363687057911
1635.4,4958.971782250713
3221.6,5008.681977173746
2570.2,5038.551705522101
6126.91,4970.1190532960145
9134.77,4978.291630299887
5161.18,4992.309577361396
6189.66,4993.555376327521
7573.66,4968.212582088394
9209.78,5029.324938113619
1330.77,5016.086945585254
4470.63,4971.909946704742
1946.52,5031.809071943722
9755.54,4957.886203313053
3493.59,4973.592867142016
1063.82,5034.212971334019
7238.86,5053.941449740903
312.76,5020.582794550785
960.37,5028.6170571515995
9119.92,5031.262720323
9794.77,4973.803173895538
1559.27,5020.367722898507
6062.99,4958.621385260823
9717.61,5041.1835598770995
8233.3,5000.816140915846
9671.73,5018.046725121565
6955.86,5033.312309598083
1781.56,5003.303396468151
3924.0,5020.1007804522715
7195.56,5003.506955236628
9328.41,5040.877317681441
1581.13,4995.731622540143
8550.68,5042.115766597086
3407.47,5029.977286299628
5174.09,5032.854885412649
5675.65,5044.588761616858
1632.93,5035.896611689137
2804.84,4977.9375601572865
2403.65,5050.766343192927
3561.64,5022.703971517122
5732.6,4998.160009716819
4087.09,5044.579646158248
1798.74,5014.128124439612
1439.52,5014.732775090163
5282.89,5047.899671202405
7471.19,5029.135902089064
5665.47,4964.441283101895
1975.38,4972.014147276162
2884.92,5006.760027076803
7496.64,5009.857745913973
4234.6,5041.365069239617
